"氏名","氏名（ひらがな）","年齢","生年月日","性別","郵便番号","住所"
"荒木 悠香","あらき ゆか",52,"1971年04月13日","女","553-0187","大阪府大阪市中央区南久宝寺町4-2-7"
"伊藤 慎一","いとう しんいち",22,"2001年04月06日","男","364-5237","埼玉県さいたま市浦和区常盤2-3-6"
"内山 隆之","うちやま たかゆき",63,"1959年11月20日","男","121-0286","東京都墨田区太平1-1-21"
"佐瀬 清志","させ きよし",56,"1967年05月19日","男","665-8877","兵庫県神戸市北区鹿の子台北町3-2-8"
"上田 尚史","うえだ たかし",31,"1992年05月16日","男","479-7776","愛知県名古屋市中村区太閤2-3-9"
"白石 芙美","しらいし ふみ",25,"1998年07月25日","女","551-8868","大阪府大阪市西区立売堀2-1-7アパ203"
"岡本 悦子","おかもと えつこ",40,"1983年08月28日","女","655-8207","兵庫県神戸市長田区西山町2-2-802"
"山田 徹","やまだ とおる",71,"1952年04月29日","男","182-4358","東京都港区虎ノ門1-5-13"
"井上 望","いのうえ のぞみ",65,"1958年03月03日","男","132-7841","東京都江東区森下2-3-7"
"元木 正樹","もとき まさき",29,"1994年11月01日","男","205-7051","東京都港区六本木1-2-12"
"大崎 亮","おおさき りょう",68,"1955年11月05日","男","210-6388","神奈川県横浜市磯子区杉田3-1-907"
"佐藤 隆","さとう たかし",57,"1966年11月02日","男","461-2456","愛知県名古屋市中区栄1-3-18エルパラッツォ216"
"稲垣 智","いながき とも",30,"1993年06月08日","男","472-1203","愛知県春日井市八光町3-5-1104"
"富沢 貴博","とみざわ たかひろ",53,"1970年07月05日","男","107-7242","東京都港区西麻布1-4-10"
"工藤 夏海","くどう なつみ",80,"1943年03月02日","女","199-1978","東京都豊島区駒込2-1-4パークプラザ805"
"平山 忍","ひらやま しのぶ",25,"1998年08月19日","男","900-4704","沖縄県浦添市城間1-3-6"
"原田 一樹","はらだ かずき",76,"1947年06月02日","男","778-6814","徳島県徳島市西船場町2-3-9"
"小林 晋","こばやし すすむ",64,"1959年05月05日","男","164-6792","東京都葛飾区立石3-1-8ディーグランセ103"
"松田 勝","まつだ まさる",39,"1984年07月18日","男","153-7476","東京都港区港南1-3-5フィオーレ201"
"前田 晴子","まえだ はるこ",55,"1968年02月15日","女","142-1468","東京都大田区山王1-3-9"
"鵜澤 直樹","うざわ なおき",32,"1991年06月05日","男","726-0314","広島県広島市安佐北区亀山1-2-8"
"野々垣 義人","ののがき よしと",36,"1987年05月17日","男","123-7026","東京都港区赤坂2-1-4ヴェルティーク514"
"小林 一輝","こばやし かずき",46,"1977年06月13日","男","660-5221","兵庫県姫路市土山1-3-1008"
"宮野 悠香","みやの ゆか",68,"1955年09月19日","女","921-7538","石川県金沢市新神田2-5-8アジュール314"
"三好 克己","みよし かつみ",36,"1987年05月22日","男","188-9772","東京都千代田区九段北2-3-5"
"丸山 秀二","まるやま しゅうじ",41,"1982年06月11日","男","136-5305","東京都足立区綾瀬4-1-4プロシード607"
"片瀬 直弘","かたせ なおひろ",51,"1972年03月16日","男","543-8794","大阪府大阪市中央区南船場1-2-4"
"上野 嘉久","うえの よしひさ",58,"1965年10月11日","男","208-8028","東京都新宿区西新宿3-3-3"
"原田 正仁","はらだ まさひと",58,"1965年04月27日","男","925-5774","石川県金沢市窪2-2-1204"
"中原 響","なかはら ひびき",71,"1952年03月18日","女","573-6240","大阪府大阪市北区西天満1-1-9"
"松本 幸宏","まつもと ゆきひろ",63,"1960年09月22日","男","121-1193","東京都品川区東品川2-5-206"
"明石 真紀子","あかし まきこ",32,"1990年11月24日","女","490-9673","愛知県小牧市中央2-5-22ヴェルドール509"
"小川 祐子","おがわ ゆうこ",72,"1951年10月03日","女","663-4170","兵庫県神戸市兵庫区御崎本町3-1-4"
"相川 元樹","あいかわ もとき",27,"1996年10月02日","男","530-5614","大阪府摂津市鳥飼上3-3-3"
"西村 真治","にしむら しんじ",58,"1965年09月18日","男","284-1593","千葉県船橋市東船橋1-1-9ローレルハイツ805"
"内木場 正樹","うちこば まさき",27,"1996年04月10日","男","078-9675","北海道札幌市清田区北野七条3-3-3"
"阿部 正教","あべ まさのり",56,"1967年08月24日","男","659-0143","兵庫県神戸市須磨区北落合2-5-1208セザール212"
"山下 寛","やました ひろし",32,"1990年11月14日","男","563-2187","大阪府大阪市北区中之島1-1-1007"
"春山 ゆい","はるやま ゆい",80,"1943年06月19日","女","138-6288","東京都新宿区西新宿1-4-608"
"寺田 哲子","てらだ さとこ",77,"1946年07月21日","女","888-1051","宮崎県延岡市大貫町2-2-4"
"小野 潤一","おの じゅんいち",21,"2002年06月25日","男","803-6787","福岡県北九州市八幡西区折尾3-3-20"
"中村 康大","なかむら やすひろ",57,"1966年09月11日","男","673-1940","兵庫県神戸市須磨区天神町4-2-6"
"狩野 雅人","かの まさと",23,"2000年07月25日","男","168-8977","東京都世田谷区駒沢2-2-5"
"岡島 伸幸","おかじま のぶゆき",24,"1998年11月14日","男","165-0198","東京都葛飾区東立石2-3-8"
"臼井 久美","うすい くみ",79,"1944年07月09日","女","137-9703","東京都港区芝浦3-1-10"
"山田 貴明","やまだ たかあき",42,"1981年09月13日","男","140-2260","東京都国分寺市本多4-3-4"
"澤 秀貴","さわ ひでたか",75,"1948年06月30日","男","983-4002","宮城県仙台市泉区桂3-3-5"
"福田 裕之","ふくだ ひろゆき",68,"1954年11月28日","男","249-0040","神奈川県川崎市多摩区南生田1-3-8"
"鈴木 圭一","すずき けいいち",65,"1958年06月04日","男","249-6083","神奈川県川崎市多摩区宿河原1-3-20サンライフ305"
"立野 由希子","たての ゆきこ",65,"1958年10月06日","女","965-3834","福島県郡山市桑野1-2-22"
"角南 徹","すなみ とおる",57,"1966年07月11日","男","154-0288","東京都渋谷区神宮前1-4-16"
"高橋 亮一","たかはし りょういち",39,"1984年07月27日","その他・不明","195-8161","東京都世田谷区成城1-2-109"
"迫田 英美","さこだ えみ",28,"1995年01月17日","女","735-3504","広島県福山市東深津町4-1-4パルメーラ712"
"柴山 奈緒子","しばやま なおこ",23,"2000年11月10日","女","176-0816","東京都武蔵村山市本町1-5-18"
"鶴原 裕之","つるはら ひろゆき",62,"1961年04月21日","男","835-9431","福岡県宗像市田久1-2-4"
"中村 貴裕","なかむら たかひろ",74,"1949年05月08日","男","006-2786","北海道千歳市清流2-2-10"
"齋藤 亜理沙","さいとう ありさ",41,"1982年05月06日","女","582-4318","大阪府高石市加茂1-2-12ディオレ114"
"竹内 翔平","たけうち しょうへい",78,"1945年01月02日","男","234-5298","神奈川県川崎市麻生区東百合丘1-1-17"
"中村 大輔","なかむら だいすけ",62,"1960年12月24日","男","344-5430","埼玉県川口市戸塚東1-1-707ライオンズ706"
"茂木 秀樹","もぎ ひでき",31,"1992年11月11日","男","056-1018","北海道札幌市中央区北十一条西1-4-6サンロイヤル602"
"福嶋 雅臣","ふくしま まさおみ",64,"1959年05月12日","男","740-3547","山口県下関市後田町2-3-9シャンボール610"
"清水 裕紀子","しみず ゆきこ",44,"1979年05月21日","女","007-1012","北海道札幌市中央区大通東4-3-8サングレート202"
"石塚 勇","いしづか ゆう",69,"1953年11月19日","男","148-9402","東京都目黒区八雲1-3-3"
"長谷川 健治","はせがわ けんじ",31,"1992年08月19日","男","956-9394","新潟県新潟市東区中野山4-2-4"
"川口 健太","かわぐち けんた",80,"1943年10月13日","男","173-9708","東京都文京区本郷3-5-11サーパス115"
"岡元 敬","おかもと たかし",43,"1980年09月04日","男","160-1458","東京都葛飾区新小岩1-1-21"
"池田 千紘","いけだ ちひろ",32,"1991年11月13日","女","593-7575","大阪府富田林市若松町1-4-22"
"直井 佐知","なおい さち",69,"1954年09月03日","女","444-3167","愛知県東海市富木島町伏見2-1-8"
"佐々木 智恵子","ささき ちえこ",56,"1966年12月31日","女","131-7945","東京都三鷹市上連雀3-1-9"
"橘 潤","たちばな じゆん",68,"1955年10月07日","男","172-9428","東京都台東区千束1-1-1203"
"杉田 達哉","すぎた たつや",31,"1992年10月12日","男","339-9847","埼玉県川口市芝1-1-7"
"牛田 光雄","うしだ みつお",73,"1950年03月18日","その他・不明","516-8309","三重県鈴鹿市道伯3-3-8"
"高橋 明彦","たかはし あきひこ",52,"1971年09月12日","男","588-8502","大阪府大阪市北区天神橋4-1-7"
"渡辺 久美子","わたなべ くみこ",56,"1966年11月22日","女","175-0924","東京都町田市高ヶ坂3-4-10"
"藤森 美雪","ふじもり みゆき",73,"1950年05月28日","女","263-7006","千葉県柏市旭町2-2-10"
"鈴木 裕介","すずき ゆうすけ",61,"1962年05月17日","男","324-5086","栃木県宇都宮市東宿郷3-2-7"
"金森 徹","かなもり とおる",64,"1958年11月30日","男","106-7549","東京都町田市金森東4-3-8"
"田中 脩平","たなか しゅうへい",63,"1960年04月12日","男","061-8541","北海道札幌市西区宮の沢三条3-2-12"
"藤井 裕","ふじい ひろし",72,"1951年05月02日","男","242-4239","神奈川県横浜市港南区港南台3-5-13"
"堀井 明美","ほりい あけみ",35,"1988年02月08日","女","207-8893","東京都台東区台東1-4-6アールヴェール504"
"小野 聖","おの まさし",51,"1972年08月09日","男","182-9783","東京都文京区小石川1-4-19"
"藤井 瞬","ふじい しゅん",24,"1998年12月12日","男","342-8531","埼玉県鶴ヶ島市富士見1-4-3"
"永田 里絵","ながた りえ",38,"1985年08月15日","女","741-9774","山口県岩国市麻里布町3-4-11ゴールデングリタ208"
"岡島 由紀子","おかじま ゆきこ",36,"1987年02月15日","女","087-8496","北海道札幌市中央区北四条西1-1-5レジオン613"
"松島 実香","まつしま みか",52,"1970年11月18日","女","180-7280","東京都八王子市明神町2-3-6"
"近藤 啓之","こんどう ひろゆき",41,"1982年10月25日","男","101-9853","東京都立川市柴崎町3-2-4"
"崎山 直美","さきやま なおみ",68,"1955年05月05日","女","076-1421","北海道札幌市豊平区月寒東一条1-2-106シャトー215"
"土井 恵一","どい けいいち",54,"1969年06月24日","男","790-0811","愛媛県松山市畑寺3-2-6"
"片桐 達夫","かたぎり たつお",47,"1976年09月28日","男","204-5602","東京都中野区中央2-4-301"
"深川 昇","ふかがわ のぼる",69,"1954年05月16日","男","556-5301","大阪府東大阪市川田3-2-3"
"徳野 卓史","とくの たかし",59,"1964年11月13日","男","183-2550","東京都世田谷区上野毛1-1-10"
"大塚 直樹","おおつか なおき",52,"1971年09月30日","男","021-3640","岩手県盛岡市上堂4-1-5"
"松浦 智","まつうら とも",62,"1961年06月19日","女","135-7027","東京都品川区大崎1-3-8"
"斉藤 渉","さいとう わたる",56,"1967年09月29日","男","185-1877","東京都杉並区高円寺南1-3-6"
"馬場 将","ばば まさる",54,"1969年08月06日","男","830-1294","福岡県福岡市博多区博多駅前1-3-22"
"白井 博章","しらい ひろあき",46,"1977年01月11日","男","355-7100","埼玉県越谷市北越谷3-3-21"
"小野 達也","おの たつや",60,"1963年07月19日","男","578-8516","大阪府大阪市福島区玉川3-3-10"
"岡口 彩","おかぐち あや",65,"1958年05月14日","女","246-7280","神奈川県横浜市港北区高田西4-3-4"
"福島 健一","ふくしま けんいち",26,"1997年07月01日","男","448-9699","愛知県豊田市上郷町3-4-5グランドール810"
"大澤 恵子","おおさわ けいこ",73,"1950年02月12日","女","157-3294","東京都品川区北品川3-2-4グランドハイム504"
